function,round,x1,x2,x3,x4,x5,x6,x7,x8,output
F1,11,0.152834,0.341729,,,,,,,
F2,11,0.648213,0.283047,,,,,,,
F3,11,0.728491,0.467038,0.608217,,,,,,
F4,11,0.574812,0.748391,0.427963,0.365000,,,,,
F5,11,0.961283,0.058174,0.851293,0.972418,,,,,
F6,11,0.697234,0.528471,0.762841,0.371893,0.637524,,,,
F7,11,0.213847,0.492183,0.678341,0.147293,0.831472,0.392841,,,
F8,11,0.871492,0.496738,0.934821,0.378413,0.507829,0.671384,0.432817,0.586941,
