function,round,x1,x2,x3,x4,x5,x6,x7,x8,output
F1,10,0.483291,0.716842,,,,,,,
F2,10,0.621478,0.304591,,,,,,,
F3,10,0.712046,0.483712,0.591834,,,,,,
F4,10,0.568923,0.731045,0.412867,0.350000,,,,,
F5,10,0.952841,0.073621,0.837492,0.961074,,,,,
F6,10,0.683741,0.512894,0.749213,0.384521,0.621843,,,,
F7,10,0.412847,0.718934,0.519283,0.384712,0.623891,0.571234,,,
F8,10,0.847213,0.492381,0.913847,0.381274,0.512847,0.673821,0.428137,0.591284,
