function,week,x1,x2,x3,x4,x5,x6,x7,x8,output
F1,11,0.836620,0.770908,,,,,,,
F2,11,0.744840,0.924634,,,,,,,
F3,11,0.198802,0.257416,0.408503,,,,,,
F4,11,0.577516,0.405495,0.439138,0.255029,,,,,
F5,11,0.998468,0.988256,0.974603,0.959717,,,,,
F6,11,0.748576,0.098756,0.726457,0.743317,0.044239,,,,
F7,11,0.070108,0.534302,0.237517,0.275660,0.419067,0.716915,,,
F8,11,0.060875,0.018368,0.066004,0.004227,0.507180,0.911443,0.665124,0.809234,
