function,week,x1,x2,x3,x4,x5,x6,x7,x8,output
F1,7,0.837214,0.770672,,,,,,,
F2,7,0.764017,0.915770,,,,,,,
F3,7,0.238163,0.252402,0.430533,,,,,,
F4,7,0.560545,0.414310,0.434061,0.217834,,,,,
F5,7,0.987688,0.993934,0.985555,0.974125,,,,,
F6,7,0.702039,0.152715,0.785816,0.669538,0.014257,,,,
F7,7,0.019168,0.498371,0.228573,0.198239,0.453109,0.823038,,,
F8,7,0.062743,0.157263,0.020914,0.073384,0.311819,0.727900,0.626634,0.893939,
