function,week,x1,x2,x3,x4,x5,x6,x7,x8,output
F1,6,0.850891,0.775648,,,,,,,
F2,6,0.772368,0.913563,,,,,,,
F3,6,0.241048,0.271591,0.443703,,,,,,
F4,6,0.532765,0.420960,0.437436,0.247826,,,,,
F5,6,0.987377,0.995102,0.979863,0.958435,,,,,
F6,6,0.689558,0.184451,0.747158,0.657878,0.026114,,,,
F7,6,0.080962,0.503343,0.326421,0.223510,0.415342,0.715003,,,
F8,6,0.082656,0.155191,0.047568,0.087396,0.337200,0.762400,0.474602,0.919581,
