function,week,x1,x2,x3,x4,x5,x6,x7,x8,output
F1,2,0.858703,0.783562,,,,,,,-6.01462529366504e-54
F2,2,0.788596,0.912389,,,,,,,0.003541507816049
F3,2,0.488361,0.663509,0.183247,,,,,,-0.116533729497695
F4,2,0.514874,0.428474,0.422867,0.202058,,,,,-3.796547971527221
F5,2,0.989444,0.972030,0.987250,0.980016,,,,,7374.80345390259
F6,2,0.705815,0.131196,0.780837,0.738601,0.106925,,,,-0.630780698688181
F7,2,0.125386,0.458533,0.244663,0.288875,0.416247,0.714687,,,1.672212349535857
F8,2,0.117631,0.033906,0.164674,0.039646,0.373290,0.749774,0.493738,0.936259,9.6328168147759
