function,week,x1,x2,x3,x4,x5,x6,x7,x8,output
F1,3,0.379815,0.982348,,,,,,,
F2,3,0.702361,0.999278,,,,,,,
F3,3,0.277230,0.271538,0.473161,,,,,,
F4,3,0.543145,0.483596,0.405342,0.279468,,,,,
F5,3,0.971379,0.986894,0.963789,0.998582,,,,,
F6,3,0.782609,0.206420,0.672050,0.705469,0.046842,,,,
F7,3,0.033347,0.504111,0.239718,0.275308,0.351609,0.695268,,,
F8,3,0.130120,0.028182,0.070598,0.108879,0.318606,0.868987,0.404103,0.918808,
