function,week,x1,x2,x3,x4,x5,x6,x7,x8,output
F1,6,0.798792,0.949373,,,,,,,
F2,6,0.668952,0.918290,,,,,,,
F3,6,0.213857,0.300587,0.437974,,,,,,
F4,6,0.528154,0.438581,0.469133,0.231649,,,,,
F5,6,0.987039,0.995007,0.996783,0.999459,,,,,
F6,6,0.729225,0.157899,0.728413,0.755070,0.088009,,,,
F7,6,0.056915,0.431224,0.147322,0.280081,0.405184,0.705437,,,
F8,6,0.071236,0.002483,0.072505,0.072448,0.452562,0.733258,0.477203,0.838951,
