function,week,x1,x2,x3,x4,x5,x6,x7,x8,output
F1,5,0.246150,0.552918,,,,,,,
F2,5,0.580740,0.999512,,,,,,,
F3,5,0.329261,0.236790,0.348523,,,,,,
F4,5,0.590813,0.462616,0.394784,0.203792,,,,,
F5,5,0.934694,0.988611,0.984445,0.959862,,,,,
F6,5,0.723133,0.115027,0.680658,0.690641,0.014391,,,,
F7,5,0.061529,0.489971,0.245297,0.240728,0.404250,0.720651,,,
F8,5,0.052437,0.067920,0.033845,0.027417,0.413885,0.783172,0.502821,0.894560,
