function,week,x1,x2,x3,x4,x5,x6,x7,x8,output
F1,12,0.829693,0.767563,,,,,,,
F2,12,0.751849,0.922897,,,,,,,
F3,12,0.206105,0.261386,0.419116,,,,,,
F4,12,0.593846,0.430421,0.420627,0.224232,,,,,
F5,12,0.992141,0.971422,0.991386,0.980369,,,,,
F6,12,0.699188,0.126146,0.709437,0.669891,0.061930,,,,
F7,12,0.010536,0.496781,0.291065,0.231724,0.379195,0.721570,,,
F8,12,0.063553,0.189558,0.084752,0.057006,0.401034,0.705107,0.555764,0.950381,
