function,week,x1,x2,x3,x4,x5,x6,x7,x8,output
F1,1,0.001000,0.999000,,,,,,,
F2,1,0.001000,0.999000,,,,,,,
F3,1,0.437056,0.996752,0.890886,,,,,,
F4,1,0.009153,0.333687,0.980781,0.997681,,,,,
F5,1,0.999000,0.999000,0.999000,0.999000,,,,,
F6,1,0.001000,0.001000,0.001000,0.001000,0.001000,,,,
F7,1,0.001000,0.001000,0.999000,0.001000,0.999000,0.001000,,,
F8,1,0.001000,0.001000,0.001000,0.001000,0.999000,0.001000,0.001000,0.001000,
