function,week,x1,x2,x3,x4,x5,x6,x7,x8,output
F1,10,0.828550,0.767752,,,,,,,
F2,10,0.749964,0.922752,,,,,,,
F3,10,0.209727,0.258306,0.412798,,,,,,
F4,10,0.557009,0.440657,0.423370,0.239493,,,,,
F5,10,0.971352,0.987369,0.993384,0.965409,,,,,
F6,10,0.713093,0.197399,0.737187,0.715973,0.038437,,,,
F7,10,0.036222,0.449214,0.260365,0.227969,0.343345,0.714826,,,
F8,10,0.062359,0.053215,0.073123,0.075132,0.378150,0.900466,0.575775,0.883420,
