function,week,x1,x2,x3,x4,x5,x6,x7,x8,output
F1,1,0.001000,0.999000,,,,,,,~0.000
F2,1,0.001000,0.999000,,,,,,, moderate_positive
F3,1,0.437056,0.996752,0.890886,,,,,, negative
F4,1,0.009153,0.333687,0.980781,0.997681,,,,, moderate_negative
F5,1,0.999000,0.999000,0.999000,0.999000,,,,, ~1600
F6,1,0.001000,0.001000,0.001000,0.001000,0.001000,,,, negative
F7,1,0.001000,0.001000,0.999000,0.001000,0.999000,0.001000,,, moderate_positive
F8,1,0.001000,0.001000,0.001000,0.001000,0.999000,0.001000,0.001000,0.001000, positive
