function,week,x1,x2,x3,x4,x5,x6,x7,x8,output
F1,4,0.287557,0.328117,,,,,,,
F2,4,0.633773,0.980766,,,,,,,
F3,4,0.232745,0.174501,0.372346,,,,,,
F4,4,0.578712,0.482733,0.457525,0.220053,,,,,
F5,4,0.982291,0.995943,0.990066,0.997766,,,,,
F6,4,0.776065,0.153169,0.757715,0.651481,0.001465,,,,
F7,4,0.062029,0.489767,0.244567,0.248056,0.398445,0.717127,,,
F8,4,0.062507,0.062925,0.015696,0.050786,0.392538,0.818350,0.473184,0.892827,
