function,week,x1,x2,x3,x4,x5,x6,x7,x8,output
F1,4,0.393045,0.957586,,,,,,,
F2,4,0.670079,0.926276,,,,,,,
F3,4,0.222230,0.333831,0.468755,,,,,,
F4,4,0.587976,0.452666,0.456567,0.174989,,,,,
F5,4,0.999175,0.986304,0.990266,0.980755,,,,,
F6,4,0.775829,0.189793,0.748287,0.757137,0.117393,,,,
F7,4,0.101813,0.421304,0.180741,0.191243,0.431594,0.659688,,,
F8,4,0.030197,0.007025,0.128571,0.023762,0.500222,0.763973,0.526864,0.888811,
