function,week,x1,x2,x3,x4,x5,x6,x7,x8,output
F1,8,0.832129,0.768922,,,,,,,
F2,8,0.761250,0.917424,,,,,,,
F3,8,0.226261,0.243407,0.416721,,,,,,
F4,8,0.578334,0.415153,0.442625,0.241623,,,,,
F5,8,0.964802,0.966512,0.984798,0.990625,,,,,
F6,8,0.765597,0.117453,0.707910,0.696325,0.081868,,,,
F7,8,0.058898,0.536912,0.279601,0.265365,0.447287,0.702740,,,
F8,8,0.081709,0.248404,0.104926,0.116578,0.299441,0.645990,0.574116,0.915319,
