function,week,x1,x2,x3,x4,x5,x6,x7,x8,output
F1,9,0.830399,0.767887,,,,,,,
F2,9,0.755635,0.920896,,,,,,,
F3,9,0.219671,0.254999,0.424515,,,,,,
F4,9,0.578500,0.416692,0.423202,0.276134,,,,,
F5,9,0.983402,0.986019,0.955749,0.987486,,,,,
F6,9,0.701731,0.114762,0.739213,0.692731,0.044651,,,,
F7,9,0.084858,0.545780,0.248800,0.266367,0.376177,0.771856,,,
F8,9,0.130996,0.214270,0.023203,0.201722,0.278679,0.687286,0.559759,0.944046,
