function,week,x1,x2,x3,x4,x5,x6,x7,x8,output
F1,13,0.797370,0.894348,,,,,,,
F2,13,0.791642,0.924731,,,,,,,
F3,13,0.456539,0.606895,0.348186,,,,,,
F4,13,0.552947,0.431219,0.428023,0.252723,,,,,
F5,13,0.988600,0.947963,0.973440,0.983707,,,,,
F6,13,0.780609,0.178148,0.717981,0.676850,0.081457,,,,
F7,13,0.049736,0.466129,0.313738,0.261308,0.438685,0.752395,,,
F8,13,0.076587,0.189558,0.116004,0.057006,0.401034,0.696607,0.555764,0.942344,
